{"metadata":{"asset_id":"93407599-b031-438c-af47-931ebde3c085","asset_attributes":["data_asset"],"name":"diabetes.csv","asset_type":"data_asset","created_at":"2021-12-01T13:29:52Z","description":"","origin_country":"us","owner_id":"IBMid-664002YREQ","project_id":"13b21554-e6ad-47d2-94d7-da080c09a390","size":25412,"tags":[],"usage":{"last_update_time":1638365393530,"last_updated_at":"2021-12-01T13:29:53Z"}},"entity":{"data_asset":{"mime_type":"text/csv","dataset":false}},"attachments":[{"id":"92aa3121-f6bd-4632-a5e3-1e9afb0127bf","version":2,"asset_type":"data_asset","name":"diabetes.csv","mime":"text/csv","datasource_type":"193a97c1-4475-4a19-b90c-295c4fdc6517","object_key":"diabetes.csv","creator_id":"IBMid-664002YREQ","create_time":1638365393530,"size":25412,"is_remote":false,"is_managed":false,"is_referenced":true,"is_object_key_read_only":true,"is_user_provided_path_key":true,"transfer_complete":true,"is_partitioned":false,"complete_time_ticks":1638365393530,"user_data":{},"test_doc":0,"handle":{"bucket":"diabetesanalysis-donotdelete-pr-qfg4nonpzqfu7g","location":"eu-geo","key":"diabetes.csv","upload_id":"done","max_part_num":1},"usage":{"access_count":0,"last_accessor_id":"IBMid-664002YREQ","last_access_time":1638365393530}}]}
