{"metadata":{"asset_id":"cfbb1814-0a6a-4fdf-a6c5-7be394182c4b","asset_attributes":["data_flow"],"name":"diabetes.csv_flow","asset_type":"data_flow","created_at":"2021-12-12T13:44:15Z","description":"","origin_country":"us","owner_id":"IBMid-664002YREQ","project_id":"13b21554-e6ad-47d2-94d7-da080c09a390","size":0,"tags":[],"usage":{"last_update_time":1639316689336,"last_updated_at":"2021-12-12T13:44:49Z"}},"entity":{"data_flow":{"pipeline":{"version":"1.0","doc_type":"pipeline","app_data":{"shaperCreated":true,"replace_space_by_dot":true},"primary_pipeline":"pipeline1","pipelines":[{"id":"pipeline1","nodes":[{"output":{"id":"source1output"},"data_asset":{"ref":"93407599-b031-438c-af47-931ebde3c085","app_data":{"dataset_name":"diabetes.csv"},"properties":{"first_line_header":"true","encoding":"UTF-8","invalid_data_handling":"fail","file_format":"csv"}},"id":"source1","type":"binding"},{"id":"9d6f1561-909b-4a8f-9175-12b3ebc7c379","type":"execution_node","op":"com.ibm.wdp.transformer.FreeformCode","app_data":{"uiParams":{"key":"mutate","code":"mutate(`Pregnancies` = as.integer(`Pregnancies`),`Glucose` = as.integer(`Glucose`),`BloodPressure` = as.integer(`BloodPressure`),`SkinThickness` = as.integer(`SkinThickness`),`Insulin` = as.integer(`Insulin`),`BMI` = as.double(`BMI`),`DiabetesPedigreeFunction` = as.double(`DiabetesPedigreeFunction`),`Age` = as.integer(`Age`))","args":{"type":"mutate","conditions":[],"auto":true,"autoConditions":[{"column":"Pregnancies","type":"as.integer","newColumnName":"","format":"","actualType":"character","removeColumn":false},{"column":"Glucose","type":"as.integer","newColumnName":"","format":"","actualType":"character","removeColumn":false},{"column":"BloodPressure","type":"as.integer","newColumnName":"","format":"","actualType":"character","removeColumn":false},{"column":"SkinThickness","type":"as.integer","newColumnName":"","format":"","actualType":"character","removeColumn":false},{"column":"Insulin","type":"as.integer","newColumnName":"","format":"","actualType":"character","removeColumn":false},{"column":"BMI","type":"as.double","newColumnName":"","format":"","actualType":"character","removeColumn":false},{"column":"DiabetesPedigreeFunction","type":"as.double","newColumnName":"","format":"","actualType":"character","removeColumn":false},{"column":"Age","type":"as.integer","newColumnName":"","format":"","actualType":"character","removeColumn":false}],"version":6},"automatic":true}},"parameters":{"FREEFORM_CODE":"mutate(`Pregnancies` = as.integer(`Pregnancies`),`Glucose` = as.integer(`Glucose`),`BloodPressure` = as.integer(`BloodPressure`),`SkinThickness` = as.integer(`SkinThickness`),`Insulin` = as.integer(`Insulin`),`BMI` = as.double(`BMI`),`DiabetesPedigreeFunction` = as.double(`DiabetesPedigreeFunction`),`Age` = as.integer(`Age`))"},"inputs":[{"id":"inputPort1","links":[{"node_id_ref":"source1","port_id_ref":"source1output"}]}],"outputs":[{"id":"outputPort1"}]},{"input":{"link":{"node_id_ref":"9d6f1561-909b-4a8f-9175-12b3ebc7c379","port_id_ref":"outputPort1"},"id":"targetInput1"},"data_asset":{"project_ref":"13b21554-e6ad-47d2-94d7-da080c09a390","app_data":{"targetType":"dataAsset","project_name":"Diabetes Analysis"},"properties":{"mode":"overwrite","name":"diabetes_csv_shaped","first_line_header":true,"file_format":"csv"}},"id":"target1","type":"binding"}],"runtime":"Spark"}],"id":"1800f143-1347-40a2-b408-712cc062ae2c"},"_entity_only":true}}}
