{"metadata":{"asset_id":"5a58f720-d8cc-4fc8-817c-a5cc129547f7","asset_attributes":["data_asset"],"name":"challengers.csv","asset_type":"data_asset","created_at":"2021-11-30T13:04:10Z","description":"","origin_country":"us","owner_id":"IBMid-664002YREQ","project_id":"e48bf5ce-2020-4784-89ff-77936e7fe467","size":388,"tags":[],"usage":{"last_update_time":1638277451376,"last_updated_at":"2021-11-30T13:04:11Z"}},"entity":{"data_asset":{"mime_type":"text/csv","dataset":false}},"attachments":[{"id":"34f789a8-594d-4b0c-b967-cccf33d88db9","version":2,"asset_type":"data_asset","name":"challengers.csv","mime":"text/csv","datasource_type":"193a97c1-4475-4a19-b90c-295c4fdc6517","object_key":"challengers.csv","creator_id":"IBMid-664002YREQ","create_time":1638277451376,"size":388,"is_remote":false,"is_managed":false,"is_referenced":true,"is_object_key_read_only":true,"is_user_provided_path_key":true,"transfer_complete":true,"is_partitioned":false,"complete_time_ticks":1638277451376,"user_data":{},"test_doc":0,"handle":{"bucket":"spaceshuttlelaunch-donotdelete-pr-hsrsqfeicpel5d","location":"eu-geo","key":"challengers.csv","upload_id":"done","max_part_num":1},"usage":{"access_count":0,"last_accessor_id":"IBMid-664002YREQ","last_access_time":1638277451376}}]}
