{"metadata":{"asset_id":"b0929ca4-5d69-45d3-a7a7-3e7febf523d4","asset_attributes":["data_flow"],"name":"challengers.csv_flow","asset_type":"data_flow","created_at":"2021-12-10T18:09:56Z","description":"","origin_country":"us","owner_id":"IBMid-664002YREQ","project_id":"e48bf5ce-2020-4784-89ff-77936e7fe467","size":0,"tags":[],"usage":{"last_update_time":1639162125201,"last_updated_at":"2021-12-10T18:48:45Z"}},"entity":{"data_flow":{"pipeline":{"version":"1.0","doc_type":"pipeline","app_data":{"shaperCreated":true,"replace_space_by_dot":true},"primary_pipeline":"pipeline1","pipelines":[{"id":"pipeline1","nodes":[{"output":{"id":"source1output"},"data_asset":{"ref":"5a58f720-d8cc-4fc8-817c-a5cc129547f7","app_data":{"dataset_name":"challengers.csv"},"properties":{"first_line_header":"true","encoding":"UTF-8","invalid_data_handling":"fail","file_format":"csv"}},"id":"source1","type":"binding"},{"op":"com.ibm.wdp.transformer.FreeformCode","id":"db6d61e2-eb14-4608-bc18-97084ff0e088","type":"execution_node","app_data":{"uiParams":{"key":"mutate","code":"mutate(`o_ring_ct` = as.integer(`o_ring_ct`),`o_ring_failures` = as.integer(`o_ring_failures`),`temperature` = as.integer(`temperature`),`pressure` = as.integer(`pressure`),`launch_id` = as.integer(`launch_id`))","args":{"type":"mutate","conditions":[],"auto":true,"autoConditions":[{"column":"o_ring_ct","type":"as.integer","newColumnName":"","format":"","actualType":"character","removeColumn":false},{"column":"o_ring_failures","type":"as.integer","newColumnName":"","format":"","actualType":"character","removeColumn":false},{"column":"temperature","type":"as.integer","newColumnName":"","format":"","actualType":"character","removeColumn":false},{"column":"pressure","type":"as.integer","newColumnName":"","format":"","actualType":"character","removeColumn":false},{"column":"launch_id","type":"as.integer","newColumnName":"","format":"","actualType":"character","removeColumn":false}],"version":6}}},"parameters":{"FREEFORM_CODE":"mutate(`o_ring_ct` = as.integer(`o_ring_ct`),`o_ring_failures` = as.integer(`o_ring_failures`),`temperature` = as.integer(`temperature`),`pressure` = as.integer(`pressure`),`launch_id` = as.integer(`launch_id`))"},"inputs":[{"id":"inputPort1","links":[{"node_id_ref":"source1","port_id_ref":"source1output"}]}],"outputs":[{"id":"outputPort1"}]},{"input":{"link":{"node_id_ref":"db6d61e2-eb14-4608-bc18-97084ff0e088","port_id_ref":"outputPort1"},"id":"targetInput1"},"data_asset":{"project_ref":"e48bf5ce-2020-4784-89ff-77936e7fe467","app_data":{"targetType":"dataAsset","project_name":"Space Shuttle Launch"},"properties":{"mode":"overwrite","name":"challengers_csv_shaped","first_line_header":true,"file_format":"csv"}},"id":"target1","type":"binding"}],"runtime":"Spark"}],"id":"64aecba3-7042-4081-af5d-07481894c8c7"},"_entity_only":true}}}
