{"metadata":{"asset_id":"7858f959-7fe2-4a9e-8abe-cd1d69dd2f41","asset_attributes":["wml_model"],"name":"Multiple regression","asset_type":"wml_model","created_at":"2021-12-12T13:25:38Z","description":"","origin_country":"us","owner_id":"IBMid-664002YREQ","project_id":"e48bf5ce-2020-4784-89ff-77936e7fe467","sandbox_id":"e48bf5ce-2020-4784-89ff-77936e7fe467","size":14568,"tags":[],"usage":{"last_update_time":1639315541851,"last_updated_at":"2021-12-12T13:25:41Z"}},"entity":{"wml_model":{"software_spec":{"base_id":"687eddc9-028a-4117-b9dd-e57b36f1efa5","name":"spss-modeler_18.2"},"ml_version":"4.0.12","type":"spss-modeler_18.2","schemas":{"input":[{"fields":[{"metadata":{},"name":"o_ring_ct","nullable":true,"type":"integer"},{"metadata":{},"name":"o_ring_failures","nullable":true,"type":"integer"},{"metadata":{},"name":"temperature","nullable":true,"type":"integer"},{"metadata":{},"name":"pressure","nullable":true,"type":"integer"},{"metadata":{},"name":"launch_id","nullable":true,"type":"integer"}],"id":"challengers.csv","name":"challengers.csv","type":"struct"}],"output":[{"fields":[{"metadata":{},"name":"o_ring_ct","nullable":true,"type":"integer"},{"metadata":{},"name":"o_ring_failures","nullable":true,"type":"integer"},{"metadata":{},"name":"temperature","nullable":true,"type":"integer"},{"metadata":{},"name":"pressure","nullable":true,"type":"integer"},{"metadata":{},"name":"launch_id","nullable":true,"type":"integer"},{"metadata":{},"name":"Partition","nullable":true,"type":"string"},{"metadata":{},"name":"$E-o_ring_failures","nullable":true,"type":"double"}],"id":"idU2VL96UF5Y","name":"temperature v. $E-o_ring_failures v. pressure","type":"struct"}]}}},"attachments":[{"id":"166a4006-851b-413d-b147-c8e8e53ed9d8","version":2,"asset_type":"wml_model","datasource_type":"193a97c1-4475-4a19-b90c-295c4fdc6517","creator_id":"IBMid-664002YREQ","create_time":1639315539741,"size":14568,"is_remote":false,"is_managed":true,"is_referenced":false,"is_object_key_read_only":false,"is_user_provided_path_key":false,"transfer_complete":true,"is_partitioned":false,"complete_time_ticks":1639315541850,"user_data":{"content_format":"native"},"test_doc":0,"handle":{"bucket":"spaceshuttlelaunch-donotdelete-pr-hsrsqfeicpel5d","location":"eu-geo","type":"bluemix_cos","key":"cdf433ec-5f28-472b-99dc-402569b22c4b/7858f959-7fe2-4a9e-8abe-cd1d69dd2f41/166a4006-851b-413d-b147-c8e8e53ed9d8","upload_id":"done","max_part_num":1},"usage":{"access_count":0,"last_accessor_id":"IBMid-664002YREQ","last_access_time":1639315539741}}]}
