{"metadata":{"asset_id":"5911d50a-8471-43f6-b5ab-3666469a3cb8","asset_attributes":["data_flow"],"name":"insurance_.csv_flow","asset_type":"data_flow","created_at":"2021-12-09T13:39:54Z","description":"","origin_country":"us","owner_id":"IBMid-664002YREQ","project_id":"800e0195-9b1f-4fb3-bd0d-7f9bcd37accf","size":0,"tags":[],"usage":{"last_update_time":1639057194658,"last_updated_at":"2021-12-09T13:39:54Z"}},"entity":{"data_flow":{"pipeline":{"primary_pipeline":"pipeline1","pipelines":[{"nodes":[{"output":{"id":"source1output"},"data_asset":{"ref":"1356bcf0-7432-4c80-9ab9-8f220f0e5640","app_data":{"dataset_name":"insurance_.csv"},"properties":{"first_line_header":"true","encoding":"UTF-8","invalid_data_handling":"fail","file_format":"csv"}},"id":"source1","type":"binding"},{"outputs":[{"id":"outputPort1"}],"op":"com.ibm.wdp.transformer.FreeformCode","inputs":[{"links":[{"node_id_ref":"source1","port_id_ref":"source1output"}],"id":"inputPort1"}],"id":"30fa178b-5f8c-4e4a-8d61-e65a041578b8","type":"execution_node","app_data":{"uiParams":{"args":{"auto":true,"type":"mutate","conditions":[],"version":6,"autoConditions":[{"removeColumn":false,"newColumnName":"","actualType":"character","column":"age","format":"","type":"as.integer"},{"removeColumn":false,"newColumnName":"","actualType":"character","column":"bmi","format":"","type":"as.double"},{"removeColumn":false,"newColumnName":"","actualType":"character","column":"children","format":"","type":"as.integer"},{"removeColumn":false,"newColumnName":"","actualType":"character","column":"premium","format":"","type":"as.double"}]},"code":"mutate(`age` = as.integer(`age`),`bmi` = as.double(`bmi`),`children` = as.integer(`children`),`premium` = as.double(`premium`))","automatic":true,"key":"mutate"}},"parameters":{"FREEFORM_CODE":"mutate(`age` = as.integer(`age`),`bmi` = as.double(`bmi`),`children` = as.integer(`children`),`premium` = as.double(`premium`))"}},{"input":{"link":{"node_id_ref":"30fa178b-5f8c-4e4a-8d61-e65a041578b8","port_id_ref":"outputPort1"},"id":"targetInput1"},"data_asset":{"project_ref":"800e0195-9b1f-4fb3-bd0d-7f9bcd37accf","app_data":{"targetType":"dataAsset","project_name":"Medical"},"properties":{"mode":"overwrite","name":"insurance__csv_shaped","first_line_header":true,"file_format":"csv"}},"id":"target1","type":"binding"}],"runtime":"Spark","id":"pipeline1"}],"doc_type":"pipeline","id":"367a2a35-7d2e-4cd8-ad75-46379074d2d8","app_data":{"replace_space_by_dot":true,"shaperCreated":true},"version":"1.0"},"_entity_only":true}}}
