{"metadata":{"asset_id":"1356bcf0-7432-4c80-9ab9-8f220f0e5640","asset_attributes":["data_asset"],"name":"insurance_.csv","asset_type":"data_asset","created_at":"2021-12-09T13:24:22Z","description":"","origin_country":"us","owner_id":"IBMid-664002YREQ","project_id":"800e0195-9b1f-4fb3-bd0d-7f9bcd37accf","size":55628,"tags":[],"usage":{"last_update_time":1639056264102,"last_updated_at":"2021-12-09T13:24:24Z"}},"entity":{"data_asset":{"mime_type":"text/csv","dataset":false}},"attachments":[{"id":"c3c4bc3d-95c4-46cc-91de-6b0888ef0acb","version":2,"asset_type":"data_asset","name":"insurance_.csv","mime":"text/csv","datasource_type":"193a97c1-4475-4a19-b90c-295c4fdc6517","object_key":"insurance_.csv","creator_id":"IBMid-664002YREQ","create_time":1639056264101,"size":55628,"is_remote":false,"is_managed":false,"is_referenced":true,"is_object_key_read_only":true,"is_user_provided_path_key":true,"transfer_complete":true,"is_partitioned":false,"complete_time_ticks":1639056264101,"user_data":{},"test_doc":0,"handle":{"bucket":"medical-donotdelete-pr-htv4nzsvnnx5qk","location":"eu-geo","key":"insurance_.csv","upload_id":"done","max_part_num":1},"usage":{"access_count":0,"last_accessor_id":"IBMid-664002YREQ","last_access_time":1639056264101}}]}
