{"metadata":{"asset_id":"82d05eda-5a47-4b63-b966-9efba63df148","asset_attributes":["data_asset"],"name":"insurance .csv","asset_type":"data_asset","created_at":"2021-12-09T13:44:20Z","description":"","origin_country":"us","owner_id":"IBMid-664002YREQ","project_id":"800e0195-9b1f-4fb3-bd0d-7f9bcd37accf","size":55628,"tags":[],"usage":{"last_update_time":1639057462734,"last_updated_at":"2021-12-09T13:44:22Z"}},"entity":{"data_asset":{"mime_type":"text/csv","dataset":false}},"attachments":[{"id":"9e6a1573-ec85-4fcb-9a62-4fa19a6e25fa","version":2,"asset_type":"data_asset","name":"insurance .csv","mime":"text/csv","datasource_type":"193a97c1-4475-4a19-b90c-295c4fdc6517","object_key":"insurance .csv","creator_id":"IBMid-664002YREQ","create_time":1639057462733,"size":55628,"is_remote":false,"is_managed":false,"is_referenced":true,"is_object_key_read_only":true,"is_user_provided_path_key":true,"transfer_complete":true,"is_partitioned":false,"complete_time_ticks":1639057462733,"user_data":{},"test_doc":0,"handle":{"bucket":"medical-donotdelete-pr-htv4nzsvnnx5qk","location":"eu-geo","key":"insurance .csv","upload_id":"done","max_part_num":1},"usage":{"access_count":0,"last_accessor_id":"IBMid-664002YREQ","last_access_time":1639057462733}}]}
